{
  "tools": [
  {
    "id": "llvm-git",
    "version": "main",
    "bitness": 32,
    "install_path": "llvm/git",
    "git_branch": "main",
    "url": "https://github.com/llvm/llvm-project.git",
    "custom_install_script": "build_llvm",
    "only_supports_wasm": true,
    "activated_path": "%installation_dir%/%llvm_build_bin_dir%",
    "activated_cfg": "LLVM_ROOT='%installation_dir%/%llvm_build_bin_dir%'",
    "activated_env": "LLVM_ROOT=%installation_dir%/%llvm_build_bin_dir%;EMCC_WASM_BACKEND=1",
    "cmake_build_type": "Release"
  },
  {
    "id": "llvm-git",
    "version": "main",
    "bitness": 64,
    "install_path": "llvm/git",
    "git_branch": "main",
    "url": "https://github.com/llvm/llvm-project.git",
    "custom_install_script": "build_llvm",
    "only_supports_wasm": true,
    "activated_path": "%installation_dir%/%llvm_build_bin_dir%",
    "activated_cfg": "LLVM_ROOT='%installation_dir%/%llvm_build_bin_dir%'",
    "activated_env": "LLVM_ROOT=%installation_dir%/%llvm_build_bin_dir%;EMCC_WASM_BACKEND=1",
    "cmake_build_type": "Release"
  },

  {
    "id": "releases",
    "version": "%releases-tag%",
    "bitness": 64,
    "arch": "x86_64",
    "linux_url": "https://storage.googleapis.com/webassembly/emscripten-releases-builds/linux/%releases-tag%/wasm-binaries.tar.xz",
    "macos_url": "https://storage.googleapis.com/webassembly/emscripten-releases-builds/mac/%releases-tag%/wasm-binaries.tar.xz",
    "windows_url": "https://storage.googleapis.com/webassembly/emscripten-releases-builds/win/%releases-tag%/wasm-binaries.zip",
    "download_prefix": "%releases-tag%-",
    "install_path": "upstream",
    "activated_path": "%installation_dir%/emscripten",
    "activated_cfg": "LLVM_ROOT='%installation_dir%/bin';BINARYEN_ROOT='%installation_dir%';EMSCRIPTEN_ROOT='%installation_dir%/emscripten'",
    "emscripten_releases_hash": "%releases-tag%"
  },
  {
    "id": "releases",
    "version": "%releases-tag%",
    "bitness": 64,
    "arch": "arm64",
    "macos_url": "https://storage.googleapis.com/webassembly/emscripten-releases-builds/mac/%releases-tag%/wasm-binaries-arm64.tar.xz",
    "linux_url": "https://storage.googleapis.com/webassembly/emscripten-releases-builds/linux/%releases-tag%/wasm-binaries-arm64.tar.xz",
    "download_prefix": "%releases-tag%-",
    "install_path": "upstream",
    "activated_path": "%installation_dir%/emscripten",
    "activated_cfg": "LLVM_ROOT='%installation_dir%/bin';BINARYEN_ROOT='%installation_dir%';EMSCRIPTEN_ROOT='%installation_dir%/emscripten'",
    "emscripten_releases_hash": "%releases-tag%"
  },

  {
    "id": "node",
    "version": "18.20.3",
    "bitness": 32,
    "arch": "x86",
    "windows_url": "node-v18.20.3-win-x86.zip",
    "activated_path": "%installation_dir%/bin",
    "activated_path_skip": "node",
    "activated_cfg": "NODE_JS='%installation_dir%/bin/node%.exe%'",
    "activated_env": "EMSDK_NODE=%installation_dir%/bin/node%.exe%"
  },
  {
    "id": "node",
    "version": "18.20.3",
    "arch": "arm",
    "bitness": 32,
    "linux_url": "node-v18.20.3-linux-armv7l.tar.xz",
    "activated_path": "%installation_dir%/bin",
    "activated_path_skip": "node",
    "activated_cfg": "NODE_JS='%installation_dir%/bin/node%.exe%'",
    "activated_env": "EMSDK_NODE=%installation_dir%/bin/node%.exe%"
  },
  {
    "id": "node",
    "version": "18.20.3",
    "bitness": 64,
    "arch": "x86_64",
    "macos_url": "node-v18.20.3-darwin-x64.tar.gz",
    "windows_url": "node-v18.20.3-win-x64.zip",
    "linux_url": "node-v18.20.3-linux-x64.tar.xz",
    "activated_path": "%installation_dir%/bin",
    "activated_path_skip": "node",
    "activated_cfg": "NODE_JS='%installation_dir%/bin/node%.exe%'",
    "activated_env": "EMSDK_NODE=%installation_dir%/bin/node%.exe%"
  },
  {
    "id": "node",
    "version": "18.20.3",
    "arch": "arm64",
    "bitness": 64,
    "macos_url": "node-v18.20.3-darwin-arm64.tar.gz",
    "linux_url": "node-v18.20.3-linux-arm64.tar.xz",
    "activated_path": "%installation_dir%/bin",
    "activated_path_skip": "node",
    "activated_cfg": "NODE_JS='%installation_dir%/bin/node%.exe%'",
    "activated_env": "EMSDK_NODE=%installation_dir%/bin/node%.exe%"
  },


  {
    "id": "node",
    "version": "20.18.0",
    "bitness": 32,
    "arch": "x86",
    "windows_url": "node-v20.18.0-win-x86.zip",
    "activated_path": "%installation_dir%/bin",
    "activated_path_skip": "node",
    "activated_cfg": "NODE_JS='%installation_dir%/bin/node%.exe%'",
    "activated_env": "EMSDK_NODE=%installation_dir%/bin/node%.exe%"
  },
  {
    "id": "node",
    "version": "20.18.0",
    "arch": "arm",
    "bitness": 32,
    "linux_url": "node-v20.18.0-linux-armv7l.tar.xz",
    "activated_path": "%installation_dir%/bin",
    "activated_path_skip": "node",
    "activated_cfg": "NODE_JS='%installation_dir%/bin/node%.exe%'",
    "activated_env": "EMSDK_NODE=%installation_dir%/bin/node%.exe%"
  },
  {
    "id": "node",
    "version": "20.18.0",
    "bitness": 64,
    "arch": "x86_64",
    "macos_url": "node-v20.18.0-darwin-x64.tar.gz",
    "windows_url": "node-v20.18.0-win-x64.zip",
    "linux_url": "node-v20.18.0-linux-x64.tar.xz",
    "activated_path": "%installation_dir%/bin",
    "activated_path_skip": "node",
    "activated_cfg": "NODE_JS='%installation_dir%/bin/node%.exe%'",
    "activated_env": "EMSDK_NODE=%installation_dir%/bin/node%.exe%"
  },
  {
    "id": "node",
    "version": "20.18.0",
    "arch": "arm64",
    "bitness": 64,
    "windows_url": "node-v20.18.0-win-arm64.zip",
    "macos_url": "node-v20.18.0-darwin-arm64.tar.gz",
    "linux_url": "node-v20.18.0-linux-arm64.tar.xz",
    "activated_path": "%installation_dir%/bin",
    "activated_path_skip": "node",
    "activated_cfg": "NODE_JS='%installation_dir%/bin/node%.exe%'",
    "activated_env": "EMSDK_NODE=%installation_dir%/bin/node%.exe%"
  },


  {
    "id": "python",
    "version": "3.9.2-nuget",
    "bitness": 64,
    "arch": "x86_64",
    "windows_url": "python-3.9.2-4-amd64+pywin32.zip",
    "activated_cfg": "PYTHON='%installation_dir%/python.exe'",
    "activated_env": "EMSDK_PYTHON=%installation_dir%/python.exe"
  },
  {
    "id": "python",
    "version": "3.9.2",
    "bitness": 64,
    "arch": "x86_64",
    "windows_url": "python-3.9.2-1-embed-amd64+pywin32.zip",
    "activated_cfg": "PYTHON='%installation_dir%/python.exe'",
    "activated_env": "EMSDK_PYTHON=%installation_dir%/python.exe"
  },
  {
    "id": "python",
    "version": "3.9.2",
    "bitness": 64,
    "arch": "x86_64",
    "macos_url": "python-3.9.2-3-macos-x86_64.tar.gz",
    "activated_cfg": "PYTHON='%installation_dir%/bin/python3'",
    "activated_env": "EMSDK_PYTHON=%installation_dir%/bin/python3;SSL_CERT_FILE=%installation_dir%/lib/python3.9/site-packages/certifi/cacert.pem"
  },
  {
    "id": "python",
    "version": "3.9.2",
    "bitness": 64,
    "arch": "arm64",
    "macos_url": "python-3.9.2-1-macos-arm64.tar.gz",
    "activated_cfg": "PYTHON='%installation_dir%/bin/python3'",
    "activated_env": "EMSDK_PYTHON=%installation_dir%/bin/python3;SSL_CERT_FILE=%installation_dir%/lib/python3.9/site-packages/certifi/cacert.pem"
  },
  {
    "id": "java",
    "version": "8.152",
    "bitness": 32,
    "arch": "x86",
    "windows_url": "portable_jre_8_update_152_32bit.zip",
    "activated_env": "JAVA_HOME=%installation_dir%",
    "activated_cfg": "JAVA='%installation_dir%/bin/java%.exe%'"
  },
  {
    "id": "java",
    "version": "8.152",
    "bitness": 64,
    "arch": "x86_64",
    "windows_url": "portable_jre_8_update_152_64bit.zip",
    "activated_env": "JAVA_HOME=%installation_dir%",
    "activated_cfg": "JAVA='%installation_dir%/bin/java%.exe%'"
  },
  {
    "id": "emscripten",
    "version": "tag-%tag%",
    "bitness": 32,
    "append_bitness": false,
    "windows_url": "https://github.com/emscripten-core/emscripten/archive/%tag%.zip",
    "unix_url": "https://github.com/emscripten-core/emscripten/archive/%tag%.tar.gz",
    "download_prefix": "emscripten-e",
    "activated_cfg": "EMSCRIPTEN_ROOT='%installation_dir%'",
    "activated_path": "%installation_dir%",
    "activated_env": "EMSCRIPTEN=%installation_dir%",
    "custom_install_script": "emscripten_npm_install"
  },
  {
    "id": "emscripten",
    "version": "tag-%tag%",
    "bitness": 64,
    "append_bitness": false,
    "windows_url": "https://github.com/emscripten-core/emscripten/archive/%tag%.zip",
    "unix_url": "https://github.com/emscripten-core/emscripten/archive/%tag%.tar.gz",
    "activated_cfg": "EMSCRIPTEN_ROOT='%installation_dir%'",
    "activated_path": "%installation_dir%",
    "activated_env": "EMSCRIPTEN=%installation_dir%",
    "custom_install_script": "emscripten_npm_install"
  },
  {
    "id": "emscripten",
    "version": "%precompiled_tag%",
    "windows_url": "https://github.com/emscripten-core/emscripten/archive/%precompiled_tag%.zip",
    "unix_url": "https://github.com/emscripten-core/emscripten/archive/%precompiled_tag%.tar.gz",
    "activated_cfg": "EMSCRIPTEN_ROOT='%installation_dir%'",
    "activated_path": "%installation_dir%",
    "activated_env": "EMSCRIPTEN=%installation_dir%"
  },
  {
    "id": "binaryen",
    "version": "tag-%binaryen_tag%",
    "bitness": 32,
    "append_bitness": false,
    "windows_url": "https://github.com/WebAssembly/binaryen/archive/%binaryen_tag%.zip",
    "unix_url": "https://github.com/WebAssembly/binaryen/archive/%binaryen_tag%.tar.gz",
    "download_prefix": "binaryen-e",
    "activated_cfg": "BINARYEN_ROOT='%installation_dir%%generator_prefix%_64bit_binaryen'",
    "activated_path": "%installation_dir%%generator_prefix%_64bit_binaryen/bin",
    "activated_env": "BINARYEN_ROOT=%installation_dir%%generator_prefix%_64bit_binaryen",
    "cmake_build_type": "Release",
    "custom_install_script": "build_binaryen",
    "custom_is_installed_script": "is_binaryen_installed",
    "custom_uninstall_script": "uninstall_binaryen"
  },
  {
    "id": "binaryen",
    "version": "tag-%binaryen_tag%",
    "bitness": 64,
    "append_bitness": false,
    "windows_url": "https://github.com/WebAssembly/binaryen/archive/%binaryen_tag%.zip",
    "unix_url": "https://github.com/WebAssembly/binaryen/archive/%binaryen_tag%.tar.gz",
    "download_prefix": "binaryen-e",
    "activated_cfg": "BINARYEN_ROOT='%installation_dir%%generator_prefix%_64bit_binaryen'",
    "activated_path": "%installation_dir%%generator_prefix%_64bit_binaryen/bin",
    "activated_env": "BINARYEN_ROOT=%installation_dir%%generator_prefix%_64bit_binaryen",
    "cmake_build_type": "Release",
    "custom_install_script": "build_binaryen",
    "custom_is_installed_script": "is_binaryen_installed",
    "custom_uninstall_script": "uninstall_binaryen"
  },
  {
    "id": "emscripten",
    "version": "main",
    "bitness": 32,
    "append_bitness": false,
    "url": "https://github.com/emscripten-core/emscripten.git",
    "git_branch": "main",
    "activated_cfg": "EMSCRIPTEN_ROOT='%installation_dir%'",
    "activated_path": "%installation_dir%",
    "activated_env": "EMSCRIPTEN=%installation_dir%",
    "cmake_build_type": "Release",
    "custom_install_script": "emscripten_npm_install"
  },
  {
    "id": "emscripten",
    "version": "main",
    "bitness": 64,
    "append_bitness": false,
    "url": "https://github.com/emscripten-core/emscripten.git",
    "git_branch": "main",
    "activated_cfg": "EMSCRIPTEN_ROOT='%installation_dir%'",
    "activated_path": "%installation_dir%",
    "activated_env": "EMSCRIPTEN=%installation_dir%",
    "cmake_build_type": "Release",
    "custom_install_script": "emscripten_npm_install"
  },
  {
    "id": "binaryen",
    "version": "main",
    "bitness": 32,
    "append_bitness": false,
    "url": "https://github.com/WebAssembly/binaryen.git",
    "git_branch": "main",
    "activated_cfg": "BINARYEN_ROOT='%installation_dir%%generator_prefix%_32bit_binaryen'",
    "activated_path": "%installation_dir%%generator_prefix%_32bit_binaryen/bin",
    "activated_env": "BINARYEN_ROOT=%installation_dir%%generator_prefix%_32bit_binaryen",
    "cmake_build_type": "Release",
    "custom_install_script": "build_binaryen",
    "custom_is_installed_script": "is_binaryen_installed",
    "custom_uninstall_script": "uninstall_binaryen"
  },
  {
    "id": "binaryen",
    "version": "main",
    "bitness": 64,
    "append_bitness": false,
    "url": "https://github.com/WebAssembly/binaryen.git",
    "git_branch": "main",
    "activated_cfg": "BINARYEN_ROOT='%installation_dir%%generator_prefix%_64bit_binaryen'",
    "activated_path": "%installation_dir%%generator_prefix%_64bit_binaryen/bin",
    "activated_env": "BINARYEN_ROOT=%installation_dir%%generator_prefix%_64bit_binaryen",
    "cmake_build_type": "Release",
    "custom_install_script": "build_binaryen",
    "custom_is_installed_script": "is_binaryen_installed",
    "custom_uninstall_script": "uninstall_binaryen"
  },
  {
    "id": "mingw",
    "version": "7.1.0",
    "bitness": 64,
    "windows_url": "mingw_7.1.0_64bit.zip",
    "activated_cfg": "MINGW_ROOT='%installation_dir%'",
    "activated_path": "%installation_dir%/bin"
  },
  {
    "id": "ninja",
    "version": "git-release",
    "bitness": 64,
    "url": "https://github.com/ninja-build/ninja.git",
    "git_branch": "release",
    "activated_cfg": "NINJA=%installation_dir%/bin",
    "activated_path": "%installation_dir%/bin",
    "cmake_build_type": "Release",
    "custom_install_script": "build_ninja"
  },
  {
    "id": "ccache",
    "version": "git-emscripten",
    "bitness": 64,
    "url": "https://github.com/juj/ccache.git",
    "git_branch": "emscripten",
    "activated_path": "%installation_dir%/bin",
    "activated_env": "_EMCC_CCACHE=1;CCACHE_CONFIGPATH=%installation_dir%/emcc_ccache.conf",
    "cmake_build_type": "Release",
    "custom_install_script": "build_ccache"
  }
  ],

  "sdks": [
  {
    "version": "main",
    "bitness": 64,
    "uses": ["python-3.9.2-nuget-64bit", "llvm-git-main-64bit", "node-20.18.0-64bit", "emscripten-main-64bit", "binaryen-main-64bit"],
    "os": "win"
  },
  {
    "version": "main",
    "bitness": 64,
    "uses": ["python-3.9.2-64bit", "llvm-git-main-64bit", "node-20.18.0-64bit", "emscripten-main-64bit", "binaryen-main-64bit"],
    "os": "macos"
  },
  {
    "version": "main",
    "bitness": 64,
    "uses": ["llvm-git-main-64bit", "node-20.18.0-64bit", "emscripten-main-64bit", "binaryen-main-64bit"],
    "os": "linux"
  },
  {
    "version": "main",
    "bitness": 32,
    "uses": ["llvm-git-main-32bit", "emscripten-main-32bit", "binaryen-main-32bit"],
    "os": "linux"
  },
  {
    "version": "releases-%releases-tag%",
    "bitness": 64,
    "uses": ["node-20.18.0-64bit", "releases-%releases-tag%-64bit"],
    "os": "linux",
    "custom_install_script": "emscripten_npm_install"
  },
  {
    "version": "releases-%releases-tag%",
    "bitness": 64,
    "uses": ["node-20.18.0-64bit", "python-3.9.2-64bit", "releases-%releases-tag%-64bit"],
    "os": "macos",
    "arch": "x86_64",
    "custom_install_script": "emscripten_npm_install"
  },
  {
    "version": "releases-%releases-tag%",
    "bitness": 64,
    "uses": ["node-20.18.0-64bit", "python-3.9.2-64bit", "releases-%releases-tag%-64bit"],
    "os": "macos",
    "arch": "arm64",
    "custom_install_script": "emscripten_npm_install"
  },
  {
    "version": "releases-%releases-tag%",
    "bitness": 64,
    "uses": ["node-20.18.0-64bit", "python-3.9.2-nuget-64bit", "java-8.152-64bit", "releases-%releases-tag%-64bit"],
    "os": "win",
    "custom_install_script": "emscripten_npm_install"
  }
  ]
}
